TestId,ESVId,sequence,Kingdom,Phylum,Class,Order,Family,Genus,Species,% match,# species,S034170,S034168,S034205,S034171,S034202,S034191,S034138,S034147,S034127,S034210,S034214,S034169,S034208,S034179,S034128,CVI9JR2K,S034195,S034166,S034149,S034173,S034150,S034148,S034158,S034187,S034174,S034155
12SVert,ESV_002416,CTTAGCCCTAAACTTCAACAATTTAATAACAAAATAGTTTGCCTGAGAACTACTGGCCACCACTTAAAACTCAAAGGACTTGGCGGTACTTTATATCCATCTAGAGGAGCCTGTTCTATAATCGATAAACCCCATTATACCTCACCATCCCTTGCTAATTCAGCCTATATACCGCCATCTTCAGCAAACCTTAAAAAGGAATAAAAGTAAGCAAGAGAATTACCATAAAAACGTTAGGTCAAGGTGTAGCCTATGAGATGGGAAGTAATGGGCTACATTTTCTCAAAGAGAACATTATGATACCCTTATTGAAACATAAGGACAAAGGAGGATTTAGTAGTAAATTAAGAATAGAGAGCTTAATTGAATAGCACACTGAAGTACGTAC,Eukaryota,Chordata,Mammalia,Rodentia,Cricetidae,,,97.2,4,0,464,0,0,0,0,0,0,0,0,0,0,0,0,0,0,0,0,0,0,0,0,0,0,0,0
12SVert,ESV_002417,CCCGGCCCTAAATCCTGATGCCTCCTACAACCAAGGCATCCGCCCGAGCACTACGAGCACAAACGCTTAAAACTCTAAGGACTTGGCGGTACCCCGAACCCACCTAGAGGAGCCTGTCCTGTAATCGATACCCCACGATACACCCGACCACCCCTTGCACAAGCAGCCTACATACCGCCGTCGCCAGTCCACCTCTTGAGAGCCCAACAGTGGACACAAGAGCAAACCCGCTAGCAAGACAGGTCAAGGTATAGCTAATGAGGTGGCAGAGATGGGCTACACTCTCTAGACTAGAGAACTAAACGGACGGGGGCATGAAACTGCCCCCCAAAGGCGGATTTAGCAGTAAAAGTGGCCCCATAAACCCACCTTTAAGAAGGCCCCGGAGTACGTAC,Eukaryota,Chordata,Aves,Strigiformes,Strigidae,Athene,,88.6,2,0,231,0,0,0,0,0,0,0,0,0,0,0,0,0,0,0,0,0,0,0,0,0,0,0,0
12SVert,ESV_002418,CTTAGCCCTAAACTTCAACAATTCAATAACAAAATAGTTTGCCTGAGAACTACTGGCCACCGCTTAAAACTCAAAGGACTTGGCGGTACTTTATATCCATCTAGAGGAGCCTGTTCTATAATCGATAAACCCCGTTATACCTCACCATCCCTTGCTAATTCAGCCTATATACCGCCATCTTCAGCAAACCTTAAAAAGGAATAAAAGTAAGCAAGAGAATTACCATAAAAACGTTAGGTCAAGGTGTAGCCTATGGAATGGGAAGTAATGGGCTACATTTTCTCAAAGAGAACATTACGATACCCTTATTGAAACATAAGGACAAAGGAGGATTTAGTAGTAAATTAAGAATAGAGAGCTTAATTGAATAGCGCAATGAAGTACGTAC,Eukaryota,Chordata,Mammalia,Rodentia,Cricetidae,,,97.9,6,0,214,0,0,0,0,0,0,0,0,0,0,0,0,0,0,0,0,0,0,0,0,0,0,0,0
12SVert,ESV_002419,CTTAGCCCTAAACTTCAACAATTTAATAACAAAATAGTTTGCCTGAGAACTACTGGCCACCACTTAAAACTCAAAGGACTTGGCGGTACTTTATATCCATCTAGAGGAGCCTGTTCTTTAATCGATAAACCCCGTTATACCTCACCATCCCTTGCTAATTCAGCCTATATACCGCCATCTTCAGCAAACCTTAAAAAGGAATAAAAGTAAGCAAGAGAATTACCATAAAAACGTTAGGTCAAGGTCTAGCCTATGAGATGGGAAGTAATGGGCTACATTTTCTCAAAGAGAACATTATGATACCCTTATTGAAACATAAGGACAAAGGAGGATTTAGTAGTAAATTAAGAATAGAGAGCTTAATTGAATAGCGCAATGAAGTACGTAC,Eukaryota,Chordata,Mammalia,Rodentia,Cricetidae,,,97.4,6,0,135,0,0,0,0,0,0,0,0,0,0,0,0,0,0,0,0,0,0,0,0,0,0,0,0
12SVert,ESV_002430,CTTAACTCTAAACTCGAATAGTTAGATCAACAAAACTGTTCACCAGAACACTACAAGCAACAGCTTAAAACTCAAAGGACTTGGCGGTGCTTTATATCCCTCTAAAGGAGGCTGTTCTATAATCGATAAACCCCAATTTACCTCACCACCTCTTGCCCAGCCTAAATACCTCCATCTTCAGCAAACCCTGGAAAGGCCGCAGAGTAAGCACAAGTATCTACATAAAAACTTTAGTTCAAGGTGTAGCCCATGAGGTGGCAAGAAATAGGAACGTTTTCTACATCCAGAAAAATGTCGCGACAACCGTTATGAAATCTAAGGGCTCAAGGAGGATTTAGCAATAAATTGAGAGCAGAGTGTTTAATTGAATAAGGCCATGAAGCATGCAC,Eukaryota,Chordata,Mammalia,Primates,Hominidae,Homo,Homo sapiens,83.6,1,47,0,0,0,0,0,0,0,0,0,0,0,0,0,0,0,0,0,0,0,0,0,0,0,0,0
12SVert,ESV_002431,CTTAACTCTAAACTCGAATAGTTAGATCAACAAAACTGTTCACCAGAACACTACAAGCAACAGCTTAAAACTCAAAGGACTTGACGGTGCTTTATATCCCTCTAAAGGAGGCTGTTCTATAATCGATAAACCCCAATTTACCTCACCACCTCTTGCCCAGCCTAAATACCTCCATCTTCAGCAAACCCTGGAAAGGCCGCAGAGTAAGCACAAGTATCTACATAAAAACTTTAGTTCAAGGTGTAGCCCATGAGGTGGCAAGAAATAGGAACGTTTTCTACATCCAGAAAAATGTCGCGACAACCGTTATGAAATCTAAGGGCTCAAGGAGGATTTAGCAATAAATTGAGAGCAGAGTGTTTAATTGAATAAGGCCATGAAGCATGCAC,Eukaryota,Chordata,Mammalia,Primates,Hominidae,Homo,Homo sapiens,83.4,1,46,0,0,0,0,0,0,0,0,0,0,0,0,0,0,0,0,0,0,0,0,0,0,0,0,0
12SVert,ESV_002420,CTTAGCCCTAAACTTCAACAATTTAATAACAAAATAGTTTGCCTGAGAACTACTGGCCACCACTTAAAACTCAAAGGACTTGGCGGTACTTTATATCCATCTAGAGGAGCCTGTTCTATAATCGATAAACCCCATTATACCTCACCATCCCTTGCTAATTCAGCCTATATACCGCCATCTTCAGCAAACCTTAAAAAGGAATAAAAGTAAGCAAGAGAATTACCATAAAAACGTTAGGTCAAGGTGTAGCCTATGAGATGGGAAGTAATGGGCTACATTTTCTCAAAGAGAACATTATGATACCCTTATTGAAACATAAGGACAAAGGAGGATTTAGTAGTAAATTAAGAATAGAGAGCTTAATTGAATAGCGCAATGAAGTACGTAC,Eukaryota,Chordata,Mammalia,Rodentia,Cricetidae,,,97.7,4,0,28,0,0,0,0,0,0,0,0,0,0,0,0,0,0,0,0,0,0,0,0,0,0,0,0
12SVert,ESV_002421,CTTAGCCCTAAACTTCAACAATTTAATAACAAAATAGTTTGCCTGAGAACTACTGGCCACCACTTAAAACTCAAAGGACTTGGCGGTACTTTATATCCATCTAGAGGAGCCTGTTCTATAACCGATAAACCCCATTATACCTCACCATCCCTTGCTAATTCAGCCTATATACCGCCATCTTCAGCAAACCTTAAAAAGGAATAAAAGTAAGCAAGAGAATTACCATAAAAACGTTAGGTCAAGGTGTAGCCTATGAGATGGGAAGTAATGGGCTACATTTTCTCAAAGAGAACATTATGATACCCTTATTGAAACATAAGGACAAAGGAGGATTTAGTAGTAAATTAAGAATAGAGAGCTTAATTGAATAGCACACTGAAGTACGTAC,Eukaryota,Chordata,Mammalia,Rodentia,Cricetidae,,,96.9,6,0,24,0,0,0,0,0,0,0,0,0,0,0,0,0,0,0,0,0,0,0,0,0,0,0,0
12SVert,ESV_002422,CTTAGCCCTAAACTTCAACAATTTAATAACAAAATAGTTTGCCTGAGAACTACTGGCCACCACTTAAAACTCAAAGGACTTGGCGGTACTTTATATCCATCTAGAGGAGCCTGTTCTATAATCGATAAACCCCATTATGCCTCACCATCCCTTGCTAATTCAGCCTATATACCGCCATCTTCAGCAAACCTTAAAAAGGAATAAAAGTAAGCAAGAGAATTACCATAAAAACGTTAGGTCAAGGTGTAGCCTATGAGATGGGAAGTAATGGGCTACATTTTCTCAAAGAGAACATTATGATACCCTTATTGAAACATAAGGACAAAGGAGGATTTAGTAGTAAATTAAGAATAGAGAGCTTAATTGAATAGCACACTGAAGTACGTAC,Eukaryota,Chordata,Mammalia,Rodentia,Cricetidae,,,96.9,6,0,20,0,0,0,0,0,0,0,0,0,0,0,0,0,0,0,0,0,0,0,0,0,0,0,0
12SVert,ESV_002423,CTTAGCCCTAAACTTCAACAATTTAATAACAAAATAGTTTGCCTGAGAACTACTGGCCACCACTTAAAACTCAAAGGACTTGGCGGTACTTTATATCCATCTAGAGGAGCCTGTTCTTTAATCGATAAACCCCGTTATACCTCACCATCCCTTGCTAATTCAGCCTATATACCGCCATCTTCAGCAAACCTTAAAAAGGAATAAAAGTAAGCAAGAGAATTACCATAAAAACGTTAGGTCAAGGTCTAGCCTATGAGATGGGAAGTAATGGGCTACATTTTCTCAAAGAGAACATTATGATACCCTTATTGAAACATAAGGACAAAGGAGGATTTAGTAGTAAATTAAGAATAGAGAGCTTAATTGAATAGCACACTGAAGTACGTAC,Eukaryota,Chordata,Mammalia,Rodentia,Cricetidae,,,96.9,6,0,17,0,0,0,0,0,0,0,0,0,0,0,0,0,0,0,0,0,0,0,0,0,0,0,0
12SVert,ESV_002424,CTTAGCCCTAAACTTCAACAATTTAATAACAAAATAGTTTGCCTGAGAACTACTGGCCACCACTTAAAACTCAAAGGACTTGGCGGTACTTTATATCCATCTAGAGGAGCCTGTTCTATAATCGATAAACCCCATTATACCTCACCATCCCTTGCTAATTCAGCCTATATACCGCCATCTTCAGCAAACCTTAAAAAGGAATAAAAGTAAGCAAGAGAATTACCATAAAAACGTTAGGTCAAGGTGTAGCCTATGAGATGGGAAGTAATGGGCTACATTTTCTCAAAGAGAACATTATGATACCCTTATTGAAACATAAGGACAAAGGAGGATTTAGTAGTAAATTAAGAATAGAGAGCGTAATTGAATAGCACACTGAAGTACGTAC,Eukaryota,Chordata,Mammalia,Rodentia,Cricetidae,,,96.9,6,0,15,0,0,0,0,0,0,0,0,0,0,0,0,0,0,0,0,0,0,0,0,0,0,0,0
12SVert,ESV_002425,CTTAGCCCTAAACTTCAACAATTTAATAACAAAATAGTTTGCCTGAGAACTACTGGCCACCACTTAAAACTCAAAGGACTTGGCGGTACTTTATATCCATCTAGAGGAGCCTGTTCTTTAATCGATAAACCCCGTTATACCTCACCATCCCTTGCTAATTCAGCCTATATACCGCCATCTTCAGCAAACCTTAAAAAGGAATAAAAGTAAGCAAGAGAATTACCATAAAAACGTTAGGTCAAGGTGTAGCCTATGAGATGGGAAGTAATGGGCTACATTTTCTCAAAGAGAACATTATGATACCCTTATTGAAACATAAGGACAAAGGAGGATTTAGTAGTAAATTAAGAATAGAGAGCTTAATTGAATAGCACACTGAAGTACGTAC,Eukaryota,Chordata,Mammalia,Rodentia,Cricetidae,,,97.2,4,0,10,0,0,0,0,0,0,0,0,0,0,0,0,0,0,0,0,0,0,0,0,0,0,0,0
12SVert,ESV_002426,CTTAGCCCTAAACTTCAACAATTCAATAACAAAATAGTTTGCCTGAGAACTACTGGCCACCGCTTAAAACTCAAAGGACTTGGCGGTACTTTATATCCATCTAGAGGAGCCTGTTCTATAATCGATAAACCCCGTTATACCTCACCATCCCTTGCTAATTCAGCCTATATACCGCCATCTTCAGCAAACCTTAAAAAGGAATAAAAGTAAGCAAGAGAATTACCATAAAAACGTTAGGTCAAGGTGTAGCCTATGGAATGGGAAGTAATGGGCTACATTTTCTCGAAGAGAACATTACGATACCCTTATTGAAACATAAGGACAAAGGAGGATTTAGTAGTAAATTAAGAATAGAGAGCTTAATTGAATAGCGCAATGAAGTACGTAC,Eukaryota,Chordata,Mammalia,Rodentia,Cricetidae,,,97.7,4,0,9,0,0,0,0,0,0,0,0,0,0,0,0,0,0,0,0,0,0,0,0,0,0,0,0
12SVert,ESV_002427,CTTAGCCCTAAACTTCAACAATTTAATAACAAAATAGTTTGCCTGAGAACTACTGGCCACCACTTAAAACTCAAAGGACTTGGCGGTACTTTATATCCATCTAGAGGAGCCTGTTCTTTAATCGATAAACCCCGTTATACCTCACCATCCCTTGCTAATTCAGCCTATATACCGCCATCTTCAGCAAACCTTAAAAAGGAATAAAAGTAAGCAAGAGAATTACCATAAAAACGTTAGGTCAAGGTCTAGCCTATGAGATGGGAAGTAATGGGCTACGTTTTCTCAAAGAGAACATTATGATACCCTTATTGAAACATAAGGACAAAGGAGGATTTAGTAGTAAATTAAGAATAGAGAGCTTAATTGAATAGCGCAATGAAGTACGTAC,Eukaryota,Chordata,Mammalia,Rodentia,Cricetidae,,,97.2,4,0,9,0,0,0,0,0,0,0,0,0,0,0,0,0,0,0,0,0,0,0,0,0,0,0,0
12SVert,ESV_002428,CTTAGCCCTAAACTTCAACAATTTAATAACAAAATAGTTTGCCTGAGAACTACTGGCCACCACTTAAAACTCAGAGGACTTGGCGGTACTTTATATCCATCTAGAGGAGCCTGTTCTATAATCGATAAACCCCATTATACCTCACCATCCCTTGCTAATTCAGCCTATATACCGCCATCTTCAGCAAACCTTAAAAAGGAATAAAAGTAAGCAAGAGAATTACCATAAAAACGTTAGGTCAAGGTGTAGCCTATGAGATGGGAAGTAATGGGCTACATTTTCTCAAAGAGAACATTATGATACCCTTATTGAAACATAAGGACAAAGGAGGATTTAGTAGTAAATTAAGAATAGAGAGCTTAATTGAATAGCACACTGAAGTACGTAC,Eukaryota,Chordata,Mammalia,Rodentia,Cricetidae,,,96.9,6,0,8,0,0,0,0,0,0,0,0,0,0,0,0,0,0,0,0,0,0,0,0,0,0,0,0
12SVert,ESV_002429,CTTAGCCCTAAACTTCAACAATTTAATAACAAAATAGTTTGCCTGAGAACTACTGGCCACCACTTAAAACTCAAAGGACTTGGCGGTACTTTATATCCATCTAGAGGAGCCTGTTCTATAATCGATAAACCCCATTATACCTCACCATCCCTTGCTAATTCAGCCTATATACCGCCATCTTCAGCAAACCTTAAAAAGGAATAAAAGTAAGCAAGAGAATTACCATAAAAACGTTAGGTCAAGGTGTAGCCTATGAGATGGGAAGTAATGGGCTACATTTTCTCAAAGAGAACATTATGATACCCTTATCGAAACATAAGGACAAAGGAGGATTTAGTAGTAAATTAAGAATAGAGAGCTTAATTGAATAGCACACTGAAGTACGTAC,Eukaryota,Chordata,Mammalia,Rodentia,Cricetidae,,,96.9,6,0,8,0,0,0,0,0,0,0,0,0,0,0,0,0,0,0,0,0,0,0,0,0,0,0,0
